{
    "Москва": [
        55.7558,
        37.6176
    ],
    "Нью-Йорк": [
        40.7146,
        -74.0028
    ],
    "Лос-Анджелес": [
        34.0558,
        -118.2461
    ],
    "Тула": [
        54.1931,
        37.6173
    ],
    "Рязань": [
        54.6292,
        39.7371
    ],
    "Казань": [
        55.7961,
        49.1064
    ],
    "Санкт-Петербург": [
        59.9343,
        30.3351
    ],
    "Новосибирск": [
        55.0084,
        82.9357
    ],
    "Екатеринбург": [
        56.8389,
        60.6057
    ],
    "Нижний Новгород": [
        56.2965,
        43.9361
    ],
    "Самара": [
        53.1959,
        50.1007
    ],
    "Чикаго": [
        41.8781,
        -87.6298
    ],
    "Хьюстон": [
        29.7604,
        -95.3698
    ],
    "Финикс": [
        33.4484,
        -112.074
    ],
    "Филадельфия": [
        39.9526,
        -75.1652
    ],
    "Сан-Антонио": [
        29.4241,
        -98.4936
    ],
    "Париж": [
        48.8566,
        2.3522
    ],
    "Берлин": [
        52.52,
        13.405
    ],
    "Лондон": [
        51.5074,
        -0.1278
    ],
    "Рим": [
        41.9028,
        12.4964
    ],
    "Токио": [
        35.6895,
        139.6917
    ],
    "Сидней": [
        -33.8688,
        151.2093
    ],
    "Барселона": [
        41.3851,
        2.1734
    ],
    "Дубай": [
        25.276987,
        55.296249
    ],
    "Сингапур": [
        1.3521,
        103.8198
    ],
    "Рио-де-Жанейро": [
        -22.9068,
        -43.1729
    ]
}